Unnamed: 0,date,developerResponse,review,rating,isEdited,userName,title
0,2024-03-06 08:36:37,"Hi Eugene! We're thrilled to know that you like our app and our promotions! Rest assured, we're continuously working hard to enhance our features to improve your experience. We can't wait for you to try them out in the future. Thank you for your support! ğŸ™ğŸ˜Š",Great banking app with attractive interest rates! Please allow us to add and/or save payees so we donâ€™t have to keep typing out UEN numbers or account numbers. Would be nice to be able to add the debit card to Apple Pay too!!,4,False,eugeneyinn,App can have more features!
1,2022-11-09 03:13:16,"Hi Dfdsa132! We're delighted that you love our Saving Pockets features, our high interest rates offering and app design! ğŸ’œ We strive to improve our app and products to serve you better.ğŸ™Thank you so much for your 5-star review, it made our day! ğŸ™Œ","A bank like no other, no bank have such amazing feature to separate your money into different â€œpocketsâ€ to keep track of your goals. Moreover the interest rate they give is the highest for the no effort! Interest are being deposit daily and itâ€™s amazing to see ğŸ’µ coming in to the bank daily! 

The user interfaces is so intuitive that every button can be found with your eyes close, that makes money transfer so much smoother. Also the colours is so slick that I want to turn the app on everyday just to look at it and see the daily interest

Lots of potential for the product and I canâ€™t wait to see more of it.",5,False,Dfdsa132,A big bang!
2,2023-09-09 08:33:43,"Hi there! Weâ€™re sorry to make you feel that way, and weâ€™ll definitely take this in as a feedback. Rest assured that weâ€™re constantly working hard to improve the experience for all our customers, and would be delighted to be given the chance to serve you again in the future! ğŸ™ ","Notice that the drop in interest rate of 0.8% in saving accounts. GXS just come out with a reason to say many consumers want a increase in interest rate in main accounts as most of their funds are there to get the 1.2x points for dash and grab spending. Hence they decrease the interest rate to 2.68% in saving account and increase to 2.38% in main account .

The thing is GXS can increase the main account interest and maintain the interest rate in saving account. They will attract more consumer in this case. However, they use this opportunity to decease the interest rate in saving account instead and use the consumer as an excuse for the decrease.

I am very disappointed in GXS and have close my account in GXS. There are other banks offering a higher interest rate such as OCBC and UOB for saving accounts. No point sticking to GXS.",1,False,Zzzsosian,Unreasonable drop in interest rate
3,2023-06-27 04:01:39,"Hi Kenny, thank you for alerting us to this issue. This is not the experience we want you to have. We are sorry for the inconvenience caused and eager to make things right for you. ğŸ™ For us to take a closer look at it, please reach out to us directly via our in-app live chat or drop us an email at help@gxs.com.sg. ğŸ‘€","Sending money into my GXS account is a breeze and instantaneous - regardless of the amounts. Iâ€™m able to immediately see that my funds are in GXS. 

Transferring money OUT is a huge issue. Since June Iâ€™ve had problems transferring amounts higher than $500 back to my other banking accounts, each time a red banner will pop up and said something went wrong please try again later. TODAY I canâ€™t transfer more than $1000 back to myself - even the $1000 had to be transferred in TWO transactions of $500 each. Customer service officers did their best to help each time but itâ€™s annoying that the advice provided (killing the app, re-logging in with SingPass) still donâ€™t work.",2,False,kenny.ng.kn,Unable to transfer funds back to myself
4,2022-10-02 04:17:49,"Hi Mephosis, we are happy that you like our app! This review made our day! ğŸ¤©
Weâ€™re also excited to have you on board! ğŸš€ 
","I have to say that the UI/UX is one of the best one Iâ€™ll have seen for any Digibank mobile app and finally a strong market player that focuses on customer experience and design, which is critical as most banking products doesnâ€™t differ much for any banks out there. Please make it available asap canâ€™t wait to see what you have to offer!",5,False,Mephosis,Potentially the best UI/UX among all the new digibanks
5,2023-04-23 14:54:16,"Hi Mech20101, we hear you and we are truly sorry and humbled by your interest to be part of our growing community. Slots for the current batch of invitations have been filled. Invitations will be sent to eligible individuals when new slots open up. Truth be told, we canâ€™t wait for you to be part of our banking glow-up. Stay tuned! ","Have been waiting for a slot for the account since GXS started and have been waiting until now (about 7 months) and still nothing, whenever anyone ask for why, the excuses given are still mostly the same with no actual changes or improvements (people canâ€™t help but compare to the other bank â€œtrust bank Singaporeâ€ that also launched just 1 day before GXSâ€™s launch and believe trust bank Singapore to be better since trust bank can allow people to register without waiting for this long)",1,False,Mech20101,Not for everyone (even if we want)
6,2023-01-05 07:08:13,Welcome aboard @alexfonghere! ğŸš€ We are thrilled to know that you love our app's interface! We work hard to meet expectations like yours and weâ€™re happy to hear we hit the mark for you. ğŸ¤©,"Great app, with awesome design and theme unlike traditional banking institutions. Provide high interest rates and suitable for targeted group of audience. Ratings were probably dragged down by reviewers who rated 1/5 because they couldnâ€™t sign up - as GXS bank is rolling out to users by batches.

Overall a good experience! :)",5,False,@alexfonghere,A great banking app experience that serves itâ€™s purpose
7,2023-09-13 15:30:05,"Thank you for your valuable feedback! We're actively working on adding the payee feature to our app. If you ever encounter any issues in the meantime, please don't hesitate to reach out to our 24/7 hotline, and we'll be happy to assist you. Your input is much appreciated!","Hit with fast reversal when transferring money to this gxs bank, first time in my life a fast transfer didnâ€™t succeed. Googled for recent reviews and social media on this gxs bank. Mostly bad reviews and issues. I donâ€™t need developer reply to my review here as Iâ€™m absolutely not going to touch this bank anymore. And biggest joke of all, you donâ€™t even have the most basic banking feature to save payee details. What kind of app development staff and quality is that???",1,False,stylex7,Very unstable banking app
8,2022-12-10 11:32:55,"Hey there, thank you so much for your kind words about our app. We put a lot of effort into the app to make it intuitive and easy to navigate, so we are glad to hear that it has paid off. We are constantly working on new and exciting features, and we can't wait for you to try them out in the future. ğŸ˜Š","Very easy to use, user friendly and intuitive. Nice design of the app making it easier to navigate the app. Saving pocket is an interesting and useful feature. canâ€™t wait to explore and use more of the app",5,False,2108ğŸ‰ğŸŠğŸ‰,Good features
9,2022-09-08 07:14:48,Hi there! We are in early access phase and invitations are sent out in batches. Look out for an email from us.ğŸ™,"What a joke! Nothing happens after you input your phone number - nothing! 

Itâ€™ll be so much, and I donâ€™t exaggerate when I say this, so much faster for you to travel from one end of Singapore to the other, to open an account at a traditional bank branch. 

One piece of advice to the management of GXS Bank - do not launch if you are not ready! You are a joke. Please look at Trust Bank. Simple and easy to use. Account opened in like, 2 mins?",1,False,gOoiyc,Digital Bank? ğŸ¤£ğŸ¤£ğŸ¤£ğŸ¤£ğŸ¤£
10,2023-11-21 09:22:11,"Hi there! Thank you for taking your first step to digital banking with us. Your review means the world to us. ğŸ’œ We have been busy working on new and exciting stuff, and we can't wait for you to try them out in the future. ğŸš€",Honestly is my first time depositing digital banking A lot worry . But at the end is a great experience. I believe a lot of us wanted is the return . And they offer very high interest. Will continue to deposit Thank you,5,True,caseysam_home,Great deposit benefits
11,2023-08-22 10:22:46,"Thanks for sharing with us your thoughts on this, KiloBites. We greatly appreciate your feedback and look forward to continuously improving our GXS app. Rest assured that great things are in the works! ğŸš€","My biggest frustration is that I canâ€™t save payees when sending money.  Everytime I need to transfer funds, I have to select a transfer type and fully type out the account number, payeeâ€™s name, and select the bank.

This is incredibly tedious esp for accounts I pay frequently. Without this â€œfundamentalâ€ feature a payee list, itâ€™s easy to make mistakes entering long account number, name and bank name each time.",1,True,KiloBites,No Payee Saving Makes Trnx Tedious
12,2024-01-11 08:48:28,"Hi @Morrrrraaaa, we're thrilled to to know that you like our app and our promos! ğŸ¥³ We have been busy working on new and exciting stuff, and we can't wait for you to try them out in the future. ğŸš€Cheers to 2024! ğŸŒˆ","Best bank to save up and best bank in receiving cash back! And also, so happy to be able to win a lucky draw from here! Hopefully things get much better in this year!",5,False,atinaaah,Best bank!
13,2023-06-05 15:00:14,"Thanks for the awesome review! We're thrilled that you find our app highly responsive, with a simple yet comprehensive interface. We're here to make your banking experience top-notch. Enjoy the app! ğŸ˜„  ","App is very responsive, and interface is simple but comprehensive. Transaction speeds are very quick too.",5,False,Colddogbun,"Simple, easy to understand interface"
14,2022-10-31 05:18:02,Hey therel! Happy to hear you like our app! We're just as excited! ğŸ¤© Thank you so much for your 5 star review! ğŸ™,Despite a lengthy onboarding but my account got approved promptly. I like that the app is snappy and easy to use. Waiting for credit card so that I can switch to GXS as my main account.,5,False,Peacemoon,Easy to use
15,2023-11-16 19:29:12,"Hey MikeEkimC! We're absolutely thrilled that you fell head over heels for our app. ğŸ’œ Thank you for your 5-star review, it made our day! ğŸ¤©","GXS offers seamless, fast and super effective digital services. 
Never ever I had such experience with other banks. GXS definitely is the bank of future! 
You must try it to believe!",5,False,MikeEkimC,GSX - the bank of future!
16,2022-10-06 02:05:55,"Hi Mani! Thank you for your 5 stars review. ğŸ’œ We are thrilled to know that you like the app security and our user interface! ğŸ¤© We work hard to meet expectations like yours, and weâ€™re happy to hear we hit the mark for you.ğŸš€","I recently used this digital bank, which has many security features and user friendly UI.
I 100% recommend to used this App.",5,False,Mani-singiri,Best Digital Banking
17,2022-12-16 02:50:05,Hey there! Thank you for your 5 stars review. ğŸ¤© We are thrilled to know that you love our app's interface and we're constantly working to make it even better! ğŸ’œ ,"The appâ€™s interface is really user friendly and sleek! It loads very fast as well, canâ€™t wait to start using this digital bank app :)",5,False,CHau200,User Friendly
18,2023-09-12 05:10:29,"Hi there, thank you for your valuable feedback. ğŸ™ We appreciate you taking the time to share your thoughts with us and have captured this as part of our continuous improvement process. ğŸ’œ",Already 1 year but basic functions like adding payee is not in the app. Itâ€™s so troublesome to transfer funds to different bank accounts! With your latest move to reduce interest to 2.68% has made me feels like maribank is better even with slightly lower interest rate because they knows what basic functions to include in the app,1,False,gejeoqwo,One year yet not much improvement
19,2024-02-24 06:12:02,"Hey there! We're sorry to hear about your experience. ğŸ™ We understand the importance of this matter and are committed to make things right for you. Could you please get in touch with us via Live Chat or call, at (+65) 3105 2055, so that we can assist you further? Weâ€™d be happy to make things right for you! ğŸ’œ","Extremely disappointed with the GXS app. Despite consistent use on the same device for a long time, it suddenly stopped allowing money transfers with explanation device changed. This lack of clarity and abrupt disruption in service is unacceptable. Terrible user experience, deserves only 1 star.",1,False,HetTienDownGameBanQuyen,Bad experience of this GXS app. Think again if you want to go cashless with this app!
20,2023-12-07 07:21:02,Hi Adrian! We're thrilled that you're enjoying our app features. It's heartening to know our services have been beneficial and positive for you. We're hopeful that our future reward features will continue to satisfy and excite you! ğŸš€ğŸ’œ,"Wish more people can download and use, and more rewards can be given.",5,False,Adrian Tay wee Chong,More rewards
21,2024-03-19 03:38:30,"Thanks for the five star review, Vicky! It means the world to us and to our entire team! ğŸ˜€",Very smooth to use and attractive app. Simple features and excited to see more advanced banking features in future.,5,True,Vicky Dhas,Awesome app
22,2023-12-06 09:00:01,"Hi ChefDugi, we are very heartened to see our services have been beneficial and positive for you. We hope our features in the future will continue to serve and delight you constantly.",Everything is perfect. Ease of use. Fast transfer for quick cash. Repayment is easy and low interest. This app is a life saver literally :),5,False,ChefDugi,Great
23,2023-11-11 07:18:42,"Hey there! We are happy that you like our app! You have made our day, and we are definitely striving to improve our products to serve you better! ğŸš€ğŸ’œ",Can try for saving money !! My money said they liked there,5,False,jimmihua,Smooth and easy to use
24,2023-09-25 01:04:27,Hi derrick. Thank you for the 5 star review! â­ This helps to motivate all of us at GXS to scale even greater heights. We're delighted to learn that you love the app as much as we do. Happy banking with GXS! ğŸ˜‰ğŸš€,Easy drawing and repayment option. Flexible of choice at any time with any needs. Like it and good tool for emergency money with flexible borrowing and repayment.,5,False,derr derrick,Ease of use and practical
25,2023-11-15 02:39:34,Hey there! We're thrilled to hear that our app has hit all the right notes. We love the flexible repayments and interest savings too. ğŸ¤© Thank you so much for your support and 5-star review! ğŸ‰,"Ease of use.
Pay anytime before due is possible. 
Emergency moolahs are here without breaking your bank!",5,False,Berriesindulge,ğŸ’¯ Recommend
26,2022-12-07 12:19:51,"Happy to hear that you have been enjoying the GXS experience, Koko! Have an awesome day! ğŸ’œ ",J got recommended to try out this app by a fren and i love it! Itâ€™s convenient and easy to use and i can see myself committing to this in the long term! :),5,False,Koko Dhanesh,Exciting bank
27,2022-12-07 06:31:42,"We are glad you have been enjoying the GXS experience on our app so far. Keep using the app, and let us know if you have other suggestions or feedback. Have a great week ahead!",the app is easy to navigate and the UI/UX is excellent. I love the saving pockets and the good interest rates! definitely worth the wait and has a lot of potential ğŸ‘ğŸ¼,5,False,honey_dijon,awesome app
28,2022-12-09 03:47:29,"Hi tloh001, we are happy that you like our awesome app interface and Saving Pockets feature! ğŸ¤©We strive to give our customers the best app experience and attractive interest rates.ğŸš€Thank you very much for your 5 stars review! Your support and voice are very important to us. Keep using our app. ğŸ’œ ",My fav feature is the saving pockets can't wait to build my savings with the good interest rates. amazing user interface!,5,False,tloh001,Exceeded expectation
29,2022-09-06 17:57:25,Hi there! We're inviting customers progressively to make sure that everything is well built for the best experience possible. Thanks for your patience! ğŸ™ ,Downloaded the app but doesnt seem to be able to sign up and got asked to stay tune after giving my phone number. I cant see the screens as presented in the app store. What is going on?,2,False,VivianARPC,Unable to use even though news mentioned go live date
30,2023-11-21 07:13:17,,Very easy to navigate and super fluid UI. Lovely bank and recommended everyone to join with ease of mind.,5,False,Bone Zaw,User experience
31,2022-10-04 13:02:31,Hi there! We aim to create a better banking experience for everyone. A win for us is when banking is a win for you. We can't wait to get everyone onboard our revolution! ğŸš€,No more long waits and tons of paperwork to open a bank account. Looking forward to how GXS can generate a stronger value proposition for consumers.,5,False,â™ª r.,Banking made easy
32,2024-02-10 03:22:39,"Aw, thanks for the kind words! Weâ€™re glad that our app is user-friendly. ğŸ’œ If you need any help or have any feedback, feel free to reach out to us. Weâ€™ll be more than happy to hear from you!",This app is easy to use.,5,False,OnTheRoad9988,Smart & easy to use online bank
33,2024-02-17 11:21:01,We're thrilled to hear that our app has hit all the right notes. ğŸ’œ Thank you for the 5-star review! ,User friendly,5,False,YSL Alan,Reminder n easy to use
34,2023-12-06 08:45:43,"Thank you for taking the time to leave us this wonderful review, GW1188! We're delighted to hear that it is easy for you to use our GXS account on your Grab App! ğŸ˜„",Like to use GXS apps that is link to Grabs apps for easy to transfer money from saving to topup Grabs account.,5,False,GW1188,GXS bank mobile apps
35,2023-11-18 08:52:03,,Best digital bank in my opinion I prefer this over its competitors:),5,False,hdmsgekd,Easy navigation
36,2023-06-05 11:16:31,"Hey Tyc!ğŸ‘‹ Thank you so much for your review! We're thrilled to hear that our app helps you witness growth every day. Setting goals and watching them progress is an incredible feeling, and we're glad our app supports you in achieving that. Here's to continued growth and success! ğŸŒ±ğŸš€","Well if u like to see growth everyday, this app gives u that. Set goals and see it grow towards it!",5,False,Tyc Tan,Ease of use
37,2023-06-06 02:44:38,"Thank you! We're delighted that you find our app highly convenient, easy to understand, and user-friendly. We appreciate your support and hope you continue to enjoy the seamless experience. ğŸ™ ",Very convenient and easy to understand and use,5,False,Ta Fan Su,Ease of use
38,2022-09-16 07:19:33,"Hi there! We're inviting customers progressively to make sure that everything is well built for the best experience possible. In the meantime, you can register your interest to open an account upon download. We'll let you know when weâ€™re ready for you! ğŸ™","Why put an app on the store when you are not ready. All about the app now is collecting info. If you have heard yet, please use testflight for ur â€˜launchâ€™ aka beta testing ğŸ¤¦ğŸ»

Update: doesnâ€™t bode wellâ€¦ even response is so robotic n mundane. Might as well not respond and spend the time to build the app for a proper launch",1,True,The Average Saver,Not Ready
39,2023-07-25 14:17:22,"Hey, Sheerliyn! Weâ€™re sorry to make you feel that way. Rest assured that our 3.48% interest rate still applies to our Saving Pockets. However, as our slots for our Savings Account are currently full, do sign up on the GXS app for early access. ğŸ™","Noticed the news writing they offer 3.48% interest rate. After downloading the apps and trying to sign up, end up asked me to fill up my particular to  receive latest buzz updates.! 

If the bank isnâ€™t planing to offer, please stop advertising that. Thanks!",1,False,sheerliyn,Misleading Advertising
40,2023-08-11 11:02:39,"Hey Ahfei94! Thank you for giving our app your recognition! From 17 August 2023, we're increasing the interest rate for the Main Account from 0.08% to 2.38% p.a. and the Saving Pockets interest rate will be adjusted to 2.68% p.a. Thank you for banking with GXS! ğŸ˜Š",Itâ€™s all good! Until recently a dropped of 0.8% interest rate in such a short notice and changes,3,False,Ahfei94,Interest rate dropped
41,2023-01-20 04:35:32,"Hi Desiphone, we have since resolved the App issue. We would like to assure you that the App is now working fine and we apologize for the inconvenience caused. Rest assured that there will not be any impact to your account. In the meantime, we may need you to log in again through your SingPass to access the App. A gentle reminder to update your App to the latest version too. Once again, we thank you for your understanding and support.ğŸ™ğŸ˜Š",Having problems logging onto the app. It says my phone cannot be used for GXS as it has been modified in someway. I just logged in this morning with the same phone with no problems. Please advice.,2,False,desiphone,Problems logging on to app
42,2022-09-12 05:46:10,"Hey there, so happy to know that you like our app! We'll keep working hard to make the app even easier to use! Good luck in achieving your Saving Pockets goal too, we're all rooting for you! ğŸ¤©ğŸš€","Love the interface and saving pocket is so unique, canâ€™t wait to meet my deposit goal!",5,False,adayinthelifeofbulaylay,Love it!
43,2024-02-25 07:24:03,"Hi there! Thank you for your 5 stars review.ğŸ’œ We're delighted to learn that you find our app's user interface easy and intuitive to use! We strives to exceed your expectations, and we're pleased to have met your needs.ğŸ¤©",The app is easy to navigate and optimise for people of all ages.,5,False,Tiny Particles,Easy to use with friendly UIUX
44,2023-11-15 06:52:28,We're over the moon to receive your 5-star review! ğŸ˜ Thank you for your continued support and we look forward to providing more exciting products and features to you soon! ğŸš€,"Brilliant app design, fast transactions, excellent rates. Keep up the good work! What more can I say?",5,False,2BitBob,Ease of use
45,2023-06-11 00:50:35,"Woohoo, weâ€™re glad to hear that you love our app! Thanks for sharing the love, SgPlayboy! ğŸ˜‰ğŸ’œ",Try it and you will love it.,5,False,SgPlayboy,Definition of less is more
46,2023-06-05 10:16:52,Hey there! We're glad to hear that you're enjoying saving pockets feature! ğŸ¤© Thanks for taking the time to leave a feedback - we strive to serve you better! ğŸ™ ğŸ’œ,"The app is super easy to use, and I love the saving pockets that allow me to easily set money aside for my goals!",5,True,w00t87,Great UX!
47,2023-12-06 08:35:07,"Hi mdyyeo, we are very grateful and glad that you are enjoying our features. We look forward to delighting you more with our new features in the future.","There are a number of things that are great about GXS. 
1. Ease of use
2. daily interest 
3. No hassle with minimum sum",5,False,mdyyeo,GXS is great e-bank
48,2023-08-13 12:05:53,"Hi Azubu! Thanks for sharing your thoughts with us! We're always striving to improve, and your feedback means a lot! We recognise that our customers use their GXS Savings Account for Grab and Singtel Dash transactions to earn 1.2x reward points from eligible transactions. As these funds are debited through the Main Account of the GXS Savings Account, we have received feedback that our customers would like to earn higher interest while still enjoying the benefits of our ecosystem rewards programme. So from 17th August 2023, we're increasing the interest rates for our GXS Main Account from 0.08% to 2.38% p.a., and the Saving Pockets will be adjusted to 2.68% p.a.","It doesnâ€™t make the company look reputable when they offer a high interest rate only to drop it immediately after gaining enough users. It feels like a bait, which it is. They should acquire deposits through more honest and transparent methods.",1,False,Azubu Frost,Reputation Is Key
49,2023-06-05 11:34:48,"Thanks so much for your wonderful review, Dtthian! ğŸ™ğŸ’œ We're thrilled to hear that our app is easy to use and provides a seamless login experience. We've put a lot of effort into making the instructions clear and user-friendly, so it's fantastic to know that you find them clean and easy to follow.",Easy to use and log in! Very clean instruction.,5,False,Dtthian,First time using!
50,2023-06-05 10:23:48,"
Wow, thanks so much for the fantastic 5-star review!âœ¨ It's amazing to know that you had a great time using our app. If you ever need any assistance or have more feedback to share, feel free to reach out. Keep enjoying the greatness and simplicity of our app!  ğŸ˜Š","Simple, straightforward to use with no bugs. Great experience",5,False,Reviewer3868329,Very good application
51,2022-10-03 06:17:01,Hey there! We're glad to know you love our app! Your support and voice are very important to us. Keep using our app.ğŸ’œ ,"Really like the details in the app, will definitely use it daily!",5,False,George Tanasaki,Great app with very appealing colours!
52,2023-05-30 13:19:00,"Thanks so much for your fantastic 5-star review! We're thrilled to hear that you're loving the Saving Pockets feature as well. We share your excitement for the day when we can assist you in saving even more with us. Rest assured, as soon as the cap is lifted, we'll make sure to keep you informed. ğŸ’œğŸš€ ","Like the app design, especially the pockets for savings. Just waiting for the $5000 limit to be lifted.",5,False,marfislam,Nice App
53,2023-07-19 06:05:49,"Hi there, thank you for staying with us thus far! ğŸ™ One common reason could be because you're not physically located in Singapore at the time of application. Likewise, youâ€™ll need to disable your VPN before submitting your application. Any other questions, feel free to to contact our hotline at (+65) 3105 2055. We are here for you, 24/7! ğŸ’œ","Received email invite from GXS saying that I am now able to open an account. After finishing the entire onboarding application I am told they are unable to proceed with my application saying â€œItâ€™s not you, itâ€™s usâ€. 

Ummmm okayyyy",1,False,gniynew,Canâ€™t open an account
54,2022-12-10 13:18:37,Happy to hear that you have been enjoying the GXS experience so far! Have an awesome week ahead! ğŸ™,Easy to use and nice UIUX. Saving pockets is an interesting and useful feature,5,False,lynxddd,Good Features!
55,2023-11-10 11:37:30,"Yay! Glad to hear that youâ€™re enjoying our app, Kok Ong! Feel free to get in touch with us if you need any help or have any feedback. ğŸ˜‰",Simple and easy,5,False,Eng Kok Ong,Application
56,2023-12-23 08:46:14,"Hi @azejnn Merry Christmas to you. Thank you for your feedback and we are sorry to hear that you were not able to launch the survey. We are unable to share account details over a public platform, please contact us at our hotline so we can attend to you accordingly.","Is GXS looking into this issue? Going to be a week, still something is wrong. What happened to iOS user testing before roll out? Itâ€™s baffling the slow service recovery GXS is impressing upon iOS users.",1,False,aezjnn,Unable to Launch Survey
57,2022-12-07 06:14:34,Thank you very much for the five stars review! It means a lot to us. Have a great week ahead!,Intuitive and easy to set up,5,False,Fabianryr,Great app to use
58,2023-12-11 17:42:41,"Hi Ryan! Thank you for your 5 stars review. ğŸ’œWe are thrilled to know that you like the app easy and user-friendly user interface! We work hard to meet expectations like yours, and weâ€™re happy to hear we hit the mark for you.ğŸ™ğŸ¤©
",Friendly use apps,5,False,RyanYang,Loans
59,2023-08-07 08:36:43,"Hi there! We're always striving to improve. ğŸ™ We recognise that our customers use GXS for Grab and Singtel Dash transactions to earn 1.2x reward points from eligible transactions, so from 17 August 2023, we're increasing the interest rates for our GXS Main Account from 0.08% to 2.38% p.a. and the Saving Pockets will be adjusted to 2.68% p.a. ğŸ’œ",GXS touted a 3.48% interest in their savings pocket only to change the interest to 2.68% within a short period of only a month. A bank is only as good as itâ€™s promises and this bank just lost it all. Will never use GXS again.,1,False,flirtyfrog,What a waste of time
60,2022-12-23 04:53:44,"That's a good suggestion Dian1117! Currently, we do not have the option to toggle to a different theme in-app. We have forwarded your thoughts to the team as feedback for further consideration. ğŸ™ Thank you for your support! ğŸ’œ","Personally donâ€™t like the theme, anyway allow user to change more brighter one?
Dark color me uncomfortable ğŸ˜",3,False,Dian1117,Not like the theme
61,2023-06-05 15:00:50,Hey Nigel! Thanks for the 5-star review! Our app is all about being user-friendly. Enjoy using it! ğŸ’œğŸš€ ,Very friendly app,5,False,nigelphang,Ease of use
62,2023-12-03 15:49:37,"Hi Sanadece, thank you for your kind words. This review means the world to us, it made our day! ğŸ’œğŸ¤ ",This is very good. Really very helpful. I Will keep in touch with them. ğŸ‘ŒğŸ½ğŸ˜,5,True,Sanadece,Helpful
63,2023-11-20 08:16:12,Hey Calvin! Thanks so much for the amazing 5-star review! It truly means a lot to us and our entire team. We will continue to work hard to ensure that your experience with us remains excellent. Happy banking with GXS! ,Such a great service compared to Bank,5,True,calvin7878,Great
64,2023-06-05 10:26:09,"Thanks for your review, Hayley! We're glad to hear that you find our app easy to use. We strive to provide competitive rates and help you maximize your savings. If you have any further suggestions or questions, feel free to reach out. We're here to assist you!ğŸ’œğŸš€",Easy to use with high interest rate,5,False,Hayley Young,Great app with high savings
65,2023-06-05 11:50:22,Thanks for your support! We're delighted to know that our app has made banking easy for you. ğŸ˜„   ,Makes banking easy to use,5,False,jesuafreak,Good banking app
66,2022-09-05 01:49:32,"Hey Shirley, it is wonderful to know that you like our app! It means the world to us and to our entire team! ğŸ˜€ ",Nice design!,5,False,Shirley yang 871126,Smooth interaction and easy to use !
67,2023-11-10 14:32:16,"Yipee! Our interest rates are indeed competitive, huh? ğŸ˜‰ Thanks for your stars, rcpsgp! This keeps us going, but feel free to let us know if you have any feedback too! ",You get the highest saving interest rate on the market,5,False,rcpsgp,Great App
68,2024-02-21 14:03:59,"Hi there. We're sorry to hear about your experience. Thank you for your feedback. ğŸ’œ We're continuously working hard on improving our product offerings and also adding more features to our app to make your experience better.ğŸ™
",Show allow to increase amount not reduce and stay that way. For a first timer I didnâ€™t know that once I reduce amt I cannot get back the original amount that is given to me.,1,False,Nrhdxtan,Cheater!
69,2023-12-09 04:06:51,Hi sgchacha! We are happy that you like our awesome app features! ğŸ¤©We strive to give our customers the best app experience.ğŸš€Thank you for your 5-star review! Your support and feedback are invaluable to us. Keep using our app. ğŸ’œ,Guys u guy to try this out,5,False,sgchacha,Best internet bank ever
70,2023-08-14 04:56:05,"Hey there! We currently use Singpass to extract information so that applications are a breeze.



So weâ€™d recommend our customers to ensure that their personal information is accurate and up to date by accessing their Singpass MyInfo. Should there be any changes, you may do so via the Singpass app. Hope this clarifies! ğŸ™","Income extracted from SingPass is incorrect.
Information in SingPass is correct
Which means the process of extracting information needs to be updated.",2,False,WeeJX,Information extracted from SingPass is incorrect.
71,2023-01-24 15:24:38,"
Thank you for your thoughts and we're sorry for the wait, Jyotkumar ğŸ™ At the moment, we're sending out invites in phases so that our users can have the best experience possible with us. We will reach out when we are ready for you so stay tuned to your email inbox for updates! ",This should be removed from App Store. A bank that is not even able to accept a customer sign up. What a joke from Grab and  Singtel.,1,False,Jyotkumar Patel,Not even able to try this app
72,2023-11-02 13:47:28,We're thrilled to hear that our app has hit all the right notes! ğŸ‰ We're glad that you love our GXS FlexiLoan features too! ğŸ’œ,Loan disbursement was immediate. App is simple to use. Repayments just as easy.,5,False,Thirteen Wishes Come True,Good app good bank
73,2023-10-08 10:35:35,"Hey there! We are happy that you like our app! Your review made our day, and we are definitely striving to improve our products to serve you better! ğŸš€ğŸ’œ",Best and fast loan approval,5,False,Amero bai,User friendly
74,2023-07-21 23:56:46,"Hi there! Weâ€™re sorry to make you feel that way, Wu Ming. Could you please get in touch with us at  (+65) 3105 2055? Alternatively, you may also write in to our email at help@gxs.com.sg with your contact details, so that we can take a closer look into this. ğŸ™ ","Extremely disappointed after downloading the app, waited and waited for it to open and still told to wait and wait and wait and wait and waitâ€¦â€¦â€¦â€¦â€¦..no ends!!!!!ğŸ‘ğŸ‘ğŸ‘ğŸ‘ğŸ‘ğŸ‘ğŸ‘ğŸ‘ğŸ‘ğŸ‘ğŸ‘ğŸ‘ğŸ‘ğŸ‘ğŸ‘ğŸ‘",1,False,WuMing9,Disappointed Apps
75,2023-11-15 11:32:12,We're sorry to hear about your experience while trying to access the GXS app. ğŸ™ We understand the importance of this matter and are committed to make things right for you. Please drop us an email at help@gxs.com.sg or give us a ring at (+65) 3105 2055. We're here to help! ğŸ’œ,"I cannot open the app at all, even after updates it keeps telling something went wrong.",1,False,Uouebs,Glitch?
76,2023-09-19 01:56:43,Hi there! Weâ€™re sorry to make you feel that way! ğŸ™We appreciate your valuable feedback and rest assured that it is an essential part of our continuous improvement process. ğŸ’œğŸš€,increase so much just to make us open account then now int rate worst than t bills. UI also so dark. not much use case except earn risk free rate. grab is expensive,1,False,Elijahdptty,gloomy UI and poor interest rate
77,2023-09-25 13:13:58,"Hey there! Sorry to hear this. This is definitely not the experience that weâ€™d want you to have. Could you please get in touch with us via Live Chat or call, at (+65) 3105 2055, so that we can assist you further? Weâ€™d be happy to make things right for you! ğŸ™",DO NOT USE THIS APP!!!! So frustrating on this app. 3 times I tried to move a small portion of money out of my pocket. 3 times the pocket becomes $0 straight away and I canâ€™t move/transfer my money out!!!!!!!!!!!!!,1,False,elylj,Horrible app! DO NOT USE!
78,2023-07-27 17:29:44,"We're sorry to hear that your account application experience didn't go as expected. You should have received an email or in-app push notification about the outcome. If you need further clarification or assistance on this matter, please reach out to us at (+65) 3105 2055, weâ€™re here 24/7! ğŸ’œ",Gave an application to open account but the bank decided to cancel opening new accounts and the â€œbankâ€ didnt even bother to inform clients! May be its a gods sign to save my money.,1,False,Iamvishalg,Unreliable & Untrustworthy
79,2023-05-02 10:56:52,"Hey Andreani369, this is not the experience we want you to have. Please drop us an email with your contact details and a video recording/screenshot of what you are facing at help@gxs.com.sg, and we would be more than happy to look into this. Thank you! ","App keeps giving me â€œsomething went wrongâ€ and â€œitâ€™s not you, itâ€™s usâ€ notification whenever I attempt to log-in. Totally unusually at this time of writing.",1,False,Andreani369,Unusable App
80,2023-02-11 06:45:17,"That's a good suggestion, AribNasikur ! Currently, we do not have such a sign in option for our app yet. We have forwarded your thoughts to the team as feedback for further consideration. ğŸ™ Thank you for your support! ğŸ’œ",could you add a way to sign in using singpass password instead of only having to use the app?,4,False,AribNasikur,quick fix
81,2023-12-06 03:56:06,"Hi Roundi07, we are delighted that you are happy with our features. Thank you for your appreciation and support!",Gxs provide good interest for their pocket savings.,5,False,Roundi07,Good product provided
82,2022-10-09 03:24:14,,"Not prepared? Then donâ€™t launch. See your direct competitor got a pure breeze of experience. Onboarding was swift and fast. Just think the reviews here are just made by the staff lol, focusing on UI/UX what a joke. Best UI/UX where others cannot experience YET.",1,False,cjred,Best UI/UX?!?!? Come onâ€¦
83,2024-03-15 17:03:19,"Hi there! We really appreciate your interest in our GXS Savings Account! Weâ€™re working hard to roll out new slots as fast as we can to make banking better for you. Be sure to register your interest via our app if you have yet to do so. Invitations will be sent to eligible individuals when new slots open up and we hope to serve you as soon as we can! ğŸ’œğŸ˜Š ",Apply one year ago..say when slots open up will let me know ..efficient bank sureee,1,False,Lock58,Open bank account one year?
84,2024-01-18 08:45:46,"Hi princesstazsdff. Thank you for your feedback. We're continuously working hard on improving our product offerings and also adding more features to our app to make your experience better. Please get in touch with us via email at help@gxs.com.sg or call at (+65) 3105 2055. Weâ€™d be happy to hear your feedback and make things right for you! ğŸ™
","When you asked your staff to write a 5* review, donâ€™t just get them to write great app, easy to use or hurray. Write how did the app help you, how you benefit from the app and why the app is soooo good?",1,False,princesstazsdff,Fake 5*
85,2022-12-14 09:36:34,"Thrilled to hear that you've been enjoying our app, Joshua! We are constantly working on new and exciting features, and we can't wait for you to try them out in the future. Feel free to reach out to our support hotline, available 24/7 if you face any issues. ğŸ™Œ","Love the modern design, user experience was great as well.",5,False,Joshua David Ang,Lovely.
86,2023-07-22 08:18:56,"We greatly appreciate your feedback and look forward to continuously improving our GXS app. While we may not have all the details to share just yet, rest assured that great things are in the works! ğŸ’œ","Pls improve your good service for any person who are really need it,hope the app can improve soon",1,False,Chenpangdoon,Disappointed only for Singaporean
87,2023-07-18 19:22:58,"Thanks so much for the awesome 5-star review! We're stoked that you found our app efficient. It really means a lot to us! We'll keep working hard to make sure your experience with us is top-notch. If you ever need anything or have any cool ideas, just give us a shout. Happy banking with GXS! ğŸ˜ŠğŸ‰",Efficient,5,False,Nk Lol Bank,Great service
88,2022-10-03 04:57:18,"Hi Shannon! Thank you for the 5 stars review, it makes our day! ğŸ¤©",A whole new era of banking. Go GXS or go home! ğŸ’ªğŸ¼,5,False,ShannonPerryIgnatius,Excellent Interface
89,2022-12-09 01:34:39,"Hi raradonut, thank you for your 5 stars review. ğŸ’œWe are thrilled to know that you like the app user interface. Have an awesome weekend!ğŸ¤©",Great UI and user-friendly,5,False,raradonut,Love it
90,2023-05-24 13:59:56,"
Hey, so sorry to hear that! GXS FlexiLoan applications gotta go through this whole evaluation process to meet our internal requirements. It's a bummer, but unfortunately, we are unable to offer you a FlexiLoan account at this time.ğŸ˜ If have any clarifications, you can drop us a call at our 24/7 hotline at 3105 2055. We'll be happy to help!",Sent me texts and email to tell me I am selected for flexi loan . But non is approved . Said borrow from $200 and above but canâ€™t even borrow $200 ğŸ˜‚ rejected all of my friend and family members . So who can borrow ? Millionaire ?,1,False,Sandintheair,Rubbish
91,2023-12-10 04:26:02,"
Thanks for your positive feedback! We're delighted to hear that you find our loans fair and transparent. We strive to provide a user-friendly experience with reasonable interest rates. If you have any suggestions or further feedback, feel free to share!","Fair and transparent loans.
Interest is not like the atypical bank that is out to profit and cripple the debtor.",5,False,C Stephen,GXS
92,2023-11-10 15:26:02,"Hey there! Sorry to hear this. This is definitely not the experience that weâ€™d want you to have. Could you please get in touch with us via Live Chat or call, at (+65) 3105 2055, so that we can assist you further? Weâ€™d be happy to make things right for you! ğŸ™",Keep creating account to write fake 5 star reviews when your app is so buggy and processing time is so slow. Worst banking app ever!,1,False,Donâ€™tdownloadthisappl,Pathetic and useless app
93,2023-07-27 05:20:02,"We're sorry to hear you feel that way.ğŸ˜” Your feedback matters to us, and we're constantly working on improvements. If you have any specific features in mind, let us know! We'd love to make our app better for you. Thanks for sharing your thoughts.ğŸ™","Useless, lacks features and does not provide any improvement from traditional banks available in Singapore",1,False,xinbailu,Waste of time
94,2023-08-08 06:46:48,"We're sorry to hear that you feel this way, NethT. We recognise that our customers use GXS for Grab and Singtel Dash transactions to earn 1.2x reward points from eligible transactions, so from 17 August 2023, we're increasing the interest rates for our GXS Main Account from 0.08% to 2.38% p.a. and the Saving Pockets will be adjusted to 2.68% p.a. ğŸ™","Reduced interest from 3.48 to 2.68% in less than a month, kenna baited to start an account here. Have removed all my funds and closed my account.",1,False,NethT,Lowered interest
95,2023-11-25 12:17:15,,"THIS LITERALLY SAVED ME, i recommendation is high as the giant touches the sky",5,False,hackjf,Thank you
96,2023-11-23 09:53:53,"Hey there! If youâ€™re encountering any issues while signing up, do reach out to us at help@gxs.com.sg or (+65) 3105 2055. Weâ€™d be happy to take a closer look into this for you and make things right. ğŸ™",When I sign up canâ€™t sign up always say oops something went wrong please try again,1,False,Tehweileong,No use
97,2024-01-01 09:24:31,Hi there! Thank you for your positive feedback!ğŸ’œ We're happy to hear that you find our app easy to use. ğŸ¤©,Good to use,5,False,???/:;()$,Easy
98,2023-06-05 10:21:00,"Thanks a million for your awesome review! We're thrilled to hear that you find our platform great and hassle-free. We've put a lot of effort into making it easy to use, so it's fantastic to know that you're having a smooth experience. ğŸ™ğŸ’œ",Great plat form â€¦ easy to use and hassle free.,5,False,Sam Lu Hao,Fast approval flexi loan
99,2023-11-10 06:44:02,"Whew! Happy to hear that weâ€™re reliable - you can count on us for your banking needs. ğŸ˜‰ If you need any help or have any feedback, feel free to get in touch with us, aaezy2g!",reliable and quick response,5,False,aaezy2g,good job on this company
100,2023-05-04 09:39:02,"Hi there Yann85@. This is not the experience we would like you to have with our GXS app. Allow us the opportunity to make things right. Please drop us an email with your name, email address and share with us on how we can help you to help@gxs.com.sg. Thank you!ğŸ™ğŸ˜Š",Canâ€™t login after applying?????????,3,False,Yann85@,Canâ€™t login
101,2023-07-20 13:20:09,"We've gotta say, your app-solutely awesome review had our entire team doing a victory dance. ğŸ’œ We love the Saving Pockets feature too! ğŸ‰",Pockets are unique and useful,5,False,Game Master Puff,Attractive Interest Rates
102,2022-10-03 07:18:03,Hey there! So glad you're enjoying the saving pockets! Thank you for your five star review!ğŸ™,Good interest rate on pockets and great user experience.,5,False,sujmat2,Love the pockets
103,2022-10-03 05:34:14,Hey there! We're glad to hear you're enjoying saving pockets feature! It made our day hearing the wonderful review! ğŸ˜,Love the savings pockets and daily interest!,5,False,LCY2804,Awesome app! ğŸ™Œ
104,2022-12-28 14:59:22,We appreciate your support. We're glad to have you with us too! ğŸ˜,Did an intern write that script? Nice.,5,False,018871,That description tho
105,2023-12-06 08:35:24,"Hi Ahmad Firdaus Bin Kasim, we are glad that the experience has been a delightful one for you. Thank you for your kind words and warm support.",Nice And Fast Bank,5,False,Ahmad Firdaus Bin Kasim,Gxs Savings Account
106,2022-09-06 23:39:37,Hi there! We're inviting customers progressively to make sure that everything is well built for the best experience possible. Thanks for your patience! ğŸ™,Best get back to the drawing board. Design thinking  forget about the  many â€œdumbâ€ users out there including me.,1,False,Kidaddictedtofacebook,Just not there!!
107,2023-01-24 13:43:09,"Hi Shariff666, we would like to find out more about this. Please drop us an email at help@gxs.com.sg together with your mobile device and contact info so that we can look into this matter. Thank you!","What if I urgently need access to my money? This is not the way to go.
ğŸ¤¬",1,False,Shariff666,Canâ€™t Access After Update
108,2022-12-09 06:35:51,"We would love to have you onboard, Chenny! ğŸ’œ Signing up with GXS is currently by invite only. We're opening up access progressively to make sure that everything is built well. Stay tuned to our website or social channels for the latest updates! ğŸ™
",Deleted the app. Sick of it serving no other purpose currently than being a lead generator.,1,True,Chenny Chen Chen,App currently nothing more than a lead generator
109,2022-09-22 02:01:38,"

Hey there! We're happy to know that our app is easy and fun to use! ğŸ’œ","Awesome, easy n fun to use! ğŸ˜Š",5,False,nosalucard,App usage
110,2023-01-20 05:03:23,"Hi JosephThia, thank you for alerting us on this issue. We are sorry about this experience. We have since resolved the App issue. We would like to assure you that the App is now working fine and we apologize for the inconvenience caused. You should be able to login the App and may need to go through SingPass to access it. Rest assured that there will not be any impact to your account. Once again, we thank you for your understanding and support. ğŸ™ğŸ™ğŸ™ğŸ˜Š","Access to funds blocked, no transparency apart from it being a recognized technical issue, no ETA and no communications from Grab or Singtel.",1,False,JosephThia,Access to funds blocked
111,2022-12-07 07:51:10,Happy to hear that you have been enjoying the banking experience on our app! It means a lot to us. It made our day! ğŸ™Œ,"app is really easy to navigate, user-friendly",5,False,Snsnbsskn,great app
112,2023-07-24 09:21:23,"Oh no! Could you please share with us more details about the issue youâ€™re facing by sending us your details and screenshot to help@gxs.com.sg, so that we can take a closer look into this? Weâ€™d like to make things right. ğŸ™",Unable to sign in to account,1,False,Jlydj,Unable to sign in
113,2024-01-15 14:04:23,Hi Cody! Thank you for your feedback on the GXS app. We have forwarded your feedback to our team. Rest assured we're continuously working hard to add more features to make your experience better. Feel free to reach out to us via email at help@gxs.com.sg or call at (+65) 3105 2055 if you have other suggestions. Thank you for your support! ğŸ™ğŸ˜Š,Is this really an authentic app for GXS? Looks cheap.,3,False,CodyFido69,Ok
114,2023-12-07 13:07:57,Hi Agilah07. We're happy to hear that you're finding value in our Savings Account that accrues daily interest. Every bit counts when it comes to saving money and we're glad to be part of your financial journey! ğŸ’œğŸ˜„,save ur money and grow,5,False,Agilah07,earn it everyday
115,2023-12-06 04:22:42,"Hi Cccc.S, thank you for your appreciation of the experience. We will strive to maintain and improve our features continually.",Good to use,5,False,Cccc.S,Nice App
116,2023-08-07 13:41:20,"That's a good suggestion, Fancilivain! GXS continuously work on improving our app. We have forwarded your thoughts to the team as feedback for app feature enhancement. Thank you for your support! ğŸ˜Š",Lack the basic function to save a payee,1,False,Fancilivain,Canâ€™t save a payee
117,2023-09-21 13:04:04,"We're sorry to hear that you feel this way. We recognise that our customers use GXS for Grab and Singtel Dash transactions to earn 1.2x reward points from eligible transactions, so we increased the interest rates for our GXS Main Account from 0.08% to 2.38% p.a. and the Saving Pockets adjusted to 2.68% p.a. ğŸ™",Does not make sense.,1,False,VNN990,Why reduce interest rates after 3 weeks!
118,2023-11-02 06:38:15,We're sorry to make you feel this way. Please drop us a call at our 24/7 hotline at 3105 2055 and our team would be more than willing to hear you out. ğŸ™,"useless app.  unable to join or open account,
app is not open to all in sg",1,False,dominiThree,"not open to everyone, only few can join gxs"
119,2022-12-30 00:52:29,Hi MegaDumpling99! We are happy that you like our awesome app features! ğŸ¤©We strive to give our customers the best app experience.ğŸš€Thank you very much for your 5 stars review! Your support and voice are very important to us. Keep using our app. ğŸ’œ ,Great features! Love it!,5,False,MegaDumpling99,GXS App review:
120,2023-11-10 06:48:41,Hey there! Thank you for your 5 stars review. ğŸ¤ We are thrilled to know that you love our app's interface and we're constantly working to make it even better! ğŸ’œ,Good app,4,False,Dan heath,Good
121,2023-08-07 10:44:08,"Hi there! From 17 August 2023, we're increasing the interest rates for our GXS Main Account from 0.08% to 2.38% p.a. and the Saving Pockets will be adjusted to 2.68% p.a. ğŸ’œ Just to share that all applications for GXS FlexiLoan go through an evaluation process which is aligned with our internal requirements. This process includes an assessment of your credit profile and eligibility. ğŸ™",first bank to reduce interest rates for savings but interest rates for loans stay high,1,False,can't playback,savings pockets interest rates reduced
122,2023-06-05 10:57:26,"
Thanks for the love! ğŸ™ğŸ’œ We're thrilled to hear that you're enjoying our app. Your support means the world to us. ",Love the app,5,False,ä»£ç å†œå¤«,Cool
123,2023-11-15 07:36:00,Hey there! Thanks for taking the time to leave us a 5-star review! ğŸ˜ We're thrilled to hear that you enjoyed your experience with us and appreciate your kind words. ğŸ’œ,Good,5,False,Quinnkent,Good
124,2022-09-22 01:51:42,"Hey there! Thank you for the 5 stars review, it makes our day! ğŸ¤©  ",= x o,5,False,solargenesis,ğŸ‘ğŸ¼
125,2024-03-07 07:24:52,"Hi there! We're sorry to hear that you feel this way, and we will certainly take this as feedback. ğŸ’œ Rest assured, we're continuously working hard on improving our product offerings and also adding more features to our app to make your experience better.ğŸ™",heheh,1,False,lkexl55,use maribank la
126,2023-07-18 03:44:25,"Hi there! All applications are subjected to the Bank's eligibility criteria. For more information, you may head over to our website. We hope to offer our services to more customers in the future. Thank you for your interest! ğŸ™",Only for PR and SP,1,False,shien 181.00,Only for PR And SP
127,2023-09-29 13:18:27,Thank you very much for your kind support! We appreciate it. ğŸ˜Š,Wow,5,True,justsochubby,Wow
128,2022-09-16 18:40:11,Hey Jasper! We are happy to know that you like our app! ğŸ¤©,ğŸš€ğŸš€ğŸš€ğŸš€ğŸš€,5,False,Jasper Nguyen,ğŸš€ğŸš€ğŸš€ğŸš€ğŸš€
129,2023-07-24 03:31:10,Hi there. We apologize for the inconvenience caused and thank you for bringing this to our attention. ğŸ™ Please reach out to our customer support team at (+65) 3105 2055 or email us at help@gxs.com.sg with your contact details so that we can take a closer look into this for you.,"I was trying to make payment using Paynow Qr code using scan and pay. Merchant create a dynamic QR code of payment $15.7 but the GXS app scan and pay read in as $15.07
Pls advice to correct the mistake as it make me and merchant very inconvenience.",1,False,Apple1234567,Scan and pay amount wrong
130,2023-07-22 01:33:39,"Hi there! We're sorry you feel that way. Fret not, we're always here to help. Do contact us at (+65) 3105 2055 or email help@gxs.com.sg with your contact number and a screen recording of the issue. We'll work on it right away! ğŸ™",å®‰å…¨æ¼æ´ï¼ä¸‹è½½è¦å°å¿ƒï¼å³ä½¿ç”¨SingPass å¼€æˆ·ä¹Ÿä¸€æ ·ä¸å®‰å…¨ï¼Bug å¯¼è‡´æ— æ³•é€šè¿‡ï¼,1,False,shopbody,Bug ! Bug ! Bug !
131,2023-07-20 23:27:11,"Hello there! We greatly appreciate your feedback and would be thrilled to delve deeper into it. To assist you better, please don't hesitate to contact us through our 24x7 hotline at (+65) 3105 2055 or simply drop us an email at help@gxs.com.sg. Kindly include your contact number and a screen recording of the issue you encountered. This way, we can promptly investigate the matter. Thank you! ğŸ™","21 Jul 23:
The integration on iPad is off. The first time login requires SingPass as a safety feature but it doesnâ€™t generate a QR Code. Devs should consider a workaround. 

Pending dev feedback before rating change.",1,False,Gagshwhsb,SingPass QR Code not working
